{
  "recommended_threshold": 0.1,
  "current_threshold": 0.12,
  "metrics": {
    "precision": 0.0809460577299839,
    "recall": 0.9985230934479055,
    "f1_score": 0.1497523257218799,
    "business_cost": 845490.0
  },
  "improvement": {
    "precision_pct": 0.0,
    "recall_pct": 0.0,
    "f1_pct": 0.0
  }
}