{
  "calibrator": "isotonic",
  "fit_split": "val",
  "eval_split": "test",
  "raw": {
    "auc_default": 0.5674235152040628,
    "brier": 0.24862274771213105,
    "prob_mean": 0.2384663075208664,
    "prob_p50": 0.21361906081438065,
    "prob_p95": 0.5116556525230407
  },
  "calibrated": {
    "auc_default": 0.5788652690902335,
    "brier": 0.22486806542908752,
    "prob_mean": 0.35752537846565247,
    "prob_p50": 0.3371335566043854,
    "prob_p95": 0.4425086975097656
  },
  "delta": {
    "brier_improvement": 0.023754682283043532
  },
  "output_calibrator": "D:\\Project_A\\Credit-Scoring\\output\\alternative_model\\student_calibrator_isotonic.pkl"
}